<?xml version="1.0" encoding="UTF-8"?>
<beans:beans xmlns="http://www.springframework.org/schema/security"
             xmlns:beans="http://www.springframework.org/schema/beans" xmlns:xsi="http://www.w3.org/2001/XMLSchema-instance"
             xsi:schemaLocation="http://www.springframework.org/schema/beans 
                    http://www.springframework.org/schema/beans/spring-beans-3.0.xsd
                    http://www.springframework.org/schema/security 
                    http://www.springframework.org/schema/security/spring-security-3.1.xsd">

    <http pattern="/css/**" security="none" />
    <http pattern="/logout/" security="none" />

    <http auto-config="true">
        <intercept-url pattern="/welcome/**" access="ROLE_USER" />
        <form-login login-page="/signin" authentication-failure-url="/signin-failure" default-target-url="/" />
        <logout logout-url="/logout" success-handler-ref="customLogoutSuccessHandler"/>	              
    </http>

    <authentication-manager>
        <authentication-provider user-service-ref="customUserDetailsService">
            <password-encoder hash="md5"/>
        </authentication-provider>
    </authentication-manager>
        
</beans:beans>   
